{
    "normals":[0.129702,0.973026,0.190784,0.060091,0.975047,0.213709,0.148234,0.985931,-0.07724,0.038422,0.983719,-0.175558,0.051288,-0.679716,0.73168,-0.176035,-0.622445,0.76261,0.040399,-0.949391,-0.311487,-0.237242,-0.808259,-0.538919,-0.03028,0.999471,0.011873,0.110706,-0.991012,-0.075097,0.002768,0.999996,0.000631,0.008871,0.999956,-0.002939,0.105055,-0.931859,0.347278,0.207982,-0.954078,-0.215591,-0.27072,-0.515348,0.813097,-0.399368,-0.52006,0.755011,0.065055,-0.252936,0.965293,-0.147435,-0.507854,0.848733,0.946223,0.193229,-0.259469,0.235235,-0.822498,0.517844,-0.434571,-0.491089,-0.75497,-0.546907,-0.470132,-0.692726,-0.045129,-0.221048,-0.974218,-0.350936,-0.515305,-0.78186,0.104898,-0.994483,0.000954,0.026806,-0.002684,-0.999637,0.104527,0.994522,8e-06,0.270126,0.961036,-0.058664,-0.018972,0.999819,-0.001433,-0.316141,-0.947752,-0.042667,0.109461,-0.991266,0.07355,-0.132187,-0.991146,0.012497,-0.018173,0.999834,-0.001586,0.074189,-0.997167,0.01243,-0.711324,-0.677746,-0.186222,0.427521,-0.903654,-0.025203,0.007545,0.999972,-0.000125,0.246619,-0.967784,0.050737,-0.026703,-0.9964,0.080459,0.26734,-0.273411,-0.924],
    "metadata":{
        "generator":"io_three",
        "version":3,
        "normals":40,
        "uvs":0,
        "faces":40,
        "vertices":42,
        "type":"Geometry"
    },
    "name":"clownfish..003Geometry.3",
    "uvs":[],
    "faces":[33,3,5,6,4,0,0,0,0,33,1,3,4,2,1,1,1,1,33,10,12,13,11,2,2,2,2,33,8,10,11,9,3,3,3,3,33,18,20,19,17,4,4,4,4,33,16,18,17,15,5,5,5,5,33,25,27,26,24,6,6,6,6,33,23,25,24,22,7,7,7,7,33,31,33,34,32,8,8,8,8,33,39,41,40,38,9,9,9,9,33,5,28,29,6,10,10,10,10,33,12,31,32,13,11,11,11,11,33,20,36,35,19,12,12,12,12,33,27,39,38,26,13,13,13,13,33,1,2,16,15,14,14,14,14,33,0,14,16,2,15,15,15,15,33,3,17,19,5,16,16,16,16,33,1,15,17,3,17,17,17,17,33,35,36,29,28,18,18,18,18,33,29,36,37,30,19,19,19,19,33,8,9,23,22,20,20,20,20,33,8,22,21,7,21,21,21,21,33,13,27,25,11,22,22,22,22,33,11,25,23,9,23,23,23,23,33,40,41,34,33,24,24,24,24,33,34,41,39,32,25,25,25,25,33,0,2,8,7,26,26,26,26,33,4,6,12,10,27,27,27,27,33,2,4,10,8,28,28,28,28,33,21,22,16,14,29,29,29,29,33,24,26,20,18,30,30,30,30,33,22,24,18,16,31,31,31,31,33,29,30,33,31,32,32,32,32,33,38,40,37,36,33,33,33,33,33,0,7,21,14,34,34,34,34,33,37,40,33,30,35,35,35,35,33,6,29,31,12,36,36,36,36,33,26,38,36,20,37,37,37,37,33,5,19,35,28,38,38,38,38,33,32,39,27,13,39,39,39,39],
    "vertices":[-96.4363,32.4786,8.56075,-53.0106,16.7734,3.99684,-73.426,22.4691,6.14226,-44.4332,16.0452,2.94748,-36.2788,34.4655,6.84339,-10.0343,19.251,0.361919,-8.36193,28.2622,0.534705,-91.388,49.8316,8.03034,-73.064,62.9623,6.10452,-52.8698,73.5744,3.98174,-36.2788,54.1417,6.80176,-40.8504,77.6154,2.23128,-18.6702,56.6012,0.542819,-7.15203,78.7209,0.497004,-83.8475,34.9491,-3.97297,-51.2058,19.3476,-0.605355,-70.6494,30.2977,-8.07541,-39.9977,17.6554,-1.25494,-45.5457,26.1854,-10.5836,-10.0343,19.251,-0.439654,-0.395555,23.253,-4.29236,-79.4307,50.9307,-4.21734,-69.6492,56.2857,-7.74851,-51.9102,70.2033,-1.48294,-45.294,57.6399,-11.8017,-33.7698,76.2474,-4.97013,-13.1945,59.764,-9.50267,-9.69529,77.7125,-3.70129,20.0019,-1.57836,0.437365,13.8949,27.3112,0.300759,33.3731,34.8449,0.716418,15.4713,60.1512,0.350892,13.6465,72.1166,0.21054,32.702,56.0521,0.597017,48.5396,72.5939,1.50054,16.6975,17.4717,-0.210801,12.1115,28.5784,-1.41904,31.0266,36.7374,-0.734274,15.4713,60.1512,-2.18346,8.01436,73.6719,-1.73654,29.4043,58.4018,-0.504229,26.1789,71.7797,-0.106128]
}